<?xml version="1.0" encoding="UTF-8"?>
<suppressions xmlns="https://jeremylong.github.io/DependencyCheck/dependency-suppression.1.3.xsd">
   <suppress>
      <notes>False positive for bcprov-jdk15on</notes>
      <filePath regex="true">.*\bbcprov-jdk15on-1.46.jar</filePath>
      <cve>CVE-2024-34447</cve>
      <cve>CVE-2024-29857</cve>
      <cve>CVE-2020-0187</cve>
      <cve>CVE-2020-26939</cve>
      <cve>CVE-2023-33201</cve>
      <cve>CVE-2015-7940</cve>
      <cve>CVE-2015-6644</cve>
   </suppress>
   
   <suppress>
      <notes>False positive for hibernate-validator</notes>
      <filePath regex="true">.*\bhibernate-validator-6.0.18.Final.jar</filePath>
      <cve>CVE-2023-1932</cve>
   </suppress>

   <suppress>
      <notes>False positive for spring-web</notes>
      <filePath regex="true">.*\bspring-web-5.2.3.RELEASE.jar</filePath>
      <cve>CVE-2024-38809</cve>
      <cve>CVE-2024-22243</cve>
      <cve>CVE-2024-22262</cve>
      <cve>CVE-2024-38828</cve>
   </suppress>

   <suppress>
      <notes>False positive for spring-webmvc</notes>
      <filePath regex="true">.*\bspring-webmvc-5.2.3.RELEASE.jar</filePath>
      <cve>CVE-2024-38816</cve>
   </suppress>
</suppressions>